Date,open,high,low,close,volume,dividends,stock splits,capital gains
2024-02-14 00:00:00-05:00,32.74684478949679,33.32001230772739,32.74684478949679,33.253143310546875,432600,0.0,0.0,0.0
2024-02-15 00:00:00-05:00,33.3964302966037,33.73077890496409,33.38687914509023,33.663909912109375,227000,0.0,0.0,0.0
2024-02-16 00:00:00-05:00,33.88362434092236,34.64784403894037,33.80720054907707,34.428131103515625,362300,0.0,0.0,0.0
2024-02-20 00:00:00-05:00,34.638290495177785,34.8197951853287,34.32305145263672,34.32305145263672,421300,0.0,0.0,0.0
2024-02-21 00:00:00-05:00,34.24662758348372,34.485446474983846,34.122444383646354,34.361263275146484,311200,0.0,0.0,0.0
2024-02-22 00:00:00-05:00,34.724263402327495,34.75292414566555,34.303943488933754,34.380367279052734,502300,0.0,0.0,0.0
2024-02-23 00:00:00-05:00,34.6478427987933,34.87710687794919,34.485444068978275,34.810237884521484,143600,0.0,0.0,0.0
2024-02-26 00:00:00-05:00,34.22752644640349,34.37081559973866,34.065127699718964,34.294395446777344,597700,0.0,0.0,0.0
2024-02-27 00:00:00-05:00,34.42813436245303,34.69561037105664,34.38992246291328,34.61919021606445,298200,0.0,0.0,0.0
2024-02-28 00:00:00-05:00,34.33260173995094,34.33260173995094,33.90273066041476,33.960044860839844,215700,0.0,0.0,0.0
2024-02-29 00:00:00-05:00,34.1797556368663,34.54276134097611,34.13199259150398,34.370811462402344,426800,0.0,0.0,0.0
2024-03-01 00:00:00-05:00,34.42813088071682,34.96308284382405,34.24662619830235,34.819793701171875,268600,0.0,0.0,0.0
2024-03-04 00:00:00-05:00,34.85800622587676,35.00129537111465,34.70516228450413,34.9439811706543,353000,0.0,0.0,0.0
2024-03-05 00:00:00-05:00,34.9248729920482,35.08726807509744,34.15109853846626,34.370811462402344,1050000,0.0,0.0,0.0
2024-03-06 00:00:00-05:00,35.450271939685734,35.90880371072688,35.1254781463541,35.65087890625,1681800,0.0,0.0,0.0
2024-03-07 00:00:00-05:00,36.44376310327229,37.01692696640769,36.18583827163527,36.319576263427734,5484200,0.0,0.0,0.0
2024-03-08 00:00:00-05:00,36.663474077491145,36.7494490167706,36.17628154021202,36.338680267333984,397400,0.0,0.0,0.0
2024-03-11 00:00:00-04:00,36.15718045213406,36.61571595263466,36.09031145082923,36.58705520629883,602200,0.0,0.0,0.0
2024-03-12 00:00:00-04:00,36.587052953611604,36.68258269537043,36.080758076594456,36.40555191040039,390200,0.0,0.0,0.0
2024-03-13 00:00:00-04:00,37.24619451757682,38.90837189906485,37.16021957411455,38.602684020996094,6224200,0.0,0.0,0.0
2024-03-14 00:00:00-04:00,39.02300450299391,39.1185342438173,38.3734168417429,38.76508331298828,4652600,0.0,0.0,0.0
2024-03-15 00:00:00-04:00,39.414669111366216,39.97828185339027,39.175850214645635,39.72991180419922,5208500,0.0,0.0,0.0
2024-03-18 00:00:00-04:00,39.97827948855133,40.08336037994647,39.20450864116338,39.2331657409668,671500,0.0,0.0,0.0
2024-03-19 00:00:00-04:00,38.68866263352029,39.023007643088626,38.430737778673006,38.67911148071289,1619100,0.0,0.0,0.0
2024-03-20 00:00:00-04:00,38.78418313098867,40.07380721878659,38.65044514649558,39.920963287353516,799000,0.0,0.0,0.0
2024-03-21 00:00:00-04:00,40.15023315602987,40.24576290451446,39.55796329177461,39.90186309814453,2444700,0.0,0.0,0.0
2024-03-22 00:00:00-04:00,39.47198595819425,39.682147748090564,39.2904849131574,39.443328857421875,606200,0.0,0.0,0.0
2024-03-25 00:00:00-04:00,39.51019541849193,39.88275228190373,39.23316464782122,39.26182174682617,731100,0.0,0.0,0.0
2024-03-26 00:00:00-04:00,39.26182299299961,39.43377288066073,38.87016016979082,38.87971496582031,818200,0.0,0.0,0.0
2024-03-27 00:00:00-04:00,38.74597774770966,39.60572355909409,38.68865990264922,39.557960510253906,664000,0.0,0.0,0.0
2024-03-28 00:00:00-04:00,39.62483225096973,40.67563761864405,39.59617514849889,40.532344818115234,1278300,0.0,0.0,0.0
2024-04-01 00:00:00-04:00,40.91445369196578,41.0290857380033,40.484578964216276,40.81892395019531,904400,0.0,0.0,0.0
2024-04-02 00:00:00-04:00,41.0481920774661,41.38253706663078,40.828479135431145,41.334774017333984,1624700,0.0,0.0,0.0
2024-04-03 00:00:00-04:00,41.69778218845252,42.59573995761131,41.60225244018842,42.38557815551758,1137200,0.0,0.0,0.0
2024-04-04 00:00:00-04:00,43.23577230941289,43.55101500844722,42.36647165401291,42.57663345336914,2460000,0.0,0.0,0.0
2024-04-05 00:00:00-04:00,42.24228728754857,42.70081912837416,41.91749344478622,42.64350128173828,1823400,0.0,0.0,0.0
2024-04-08 00:00:00-04:00,43.49369540046337,43.54146209408422,42.662606677497486,43.46503829956055,1601200,0.0,0.0,0.0
2024-04-09 00:00:00-04:00,44.13373121624887,44.716449885825156,44.05730742295301,44.6400260925293,1642600,0.0,0.0,0.0
2024-04-10 00:00:00-04:00,44.019099401953504,44.706895324799184,43.168901095456306,44.24836349487305,807100,0.0,0.0,0.0
2024-04-11 00:00:00-04:00,44.44897251784004,44.44897251784004,43.46503981559492,44.19104766845703,1263000,0.0,0.0,0.0
2024-04-12 00:00:00-04:00,45.07945075567703,45.136768599102744,43.31219249038397,43.44593048095703,1078300,0.0,0.0,0.0
2024-04-15 00:00:00-04:00,44.563608722197266,44.73555862374828,43.4268284126003,43.76117706298828,2592700,0.0,0.0,0.0
2024-04-16 00:00:00-04:00,42.50976097775207,43.26442951912899,42.26139094397695,43.13069152832031,1573200,0.0,0.0,0.0
2024-04-17 00:00:00-04:00,43.57011575782342,44.21970338368151,43.16889815639964,43.35040283203125,2477000,0.0,0.0,0.0
2024-04-18 00:00:00-04:00,44.35344180563737,44.48717979273155,43.65609112715564,44.143280029296875,1008000,0.0,0.0,0.0
2024-04-19 00:00:00-04:00,44.43941838981347,44.458524337831555,43.77072478552818,43.92356872558594,900700,0.0,0.0,0.0
2024-04-22 00:00:00-04:00,43.48414597334821,43.48414597334821,42.576633419854694,43.207115173339844,1136500,0.0,0.0,0.0
2024-04-23 00:00:00-04:00,42.56707809742877,42.863211173730285,42.079885545953886,42.41423416137695,1624600,0.0,0.0,0.0
2024-04-24 00:00:00-04:00,42.89187504882691,42.93963809906426,42.32826231021703,42.605289459228516,853700,0.0,0.0,0.0
2024-04-25 00:00:00-04:00,42.77723735310931,44.07641266564369,42.614842261086,43.92356872558594,1331000,0.0,0.0,0.0
2024-04-26 00:00:00-04:00,44.57315396744265,45.42334856571653,44.42031003566405,45.394691467285156,1768300,0.0,0.0,0.0
2024-04-29 00:00:00-04:00,45.776803782705244,45.91054542417376,44.97437579841685,45.87233352661133,1222500,0.0,0.0,0.0
2024-04-30 00:00:00-04:00,44.68778810725028,44.735554798998415,43.71340662979684,43.72296142578125,2168300,0.0,0.0,0.0
2024-05-01 00:00:00-04:00,43.159349249855936,44.2961258321947,43.13069214972318,43.53190612792969,818300,0.0,0.0,0.0
2024-05-02 00:00:00-04:00,43.72296259474295,44.038201633004476,43.016057080562156,43.65609359741211,729300,0.0,0.0,0.0
2024-05-03 00:00:00-04:00,44.26747230354408,44.63047805888974,43.933127294730504,44.554054260253906,664300,0.0,0.0,0.0
2024-05-06 00:00:00-04:00,44.897951003978406,45.28006268292367,44.897951003978406,45.232295989990234,623300,0.0,0.0,0.0
2024-05-07 00:00:00-04:00,45.32782752933082,45.40424768169823,44.90750393700488,45.289615631103516,1358600,0.0,0.0,0.0
2024-05-08 00:00:00-04:00,44.65913468400246,44.907504738739696,44.26747183039822,44.7068977355957,811600,0.0,0.0,0.0
2024-05-09 00:00:00-04:00,45.05079342035265,45.834119055971904,44.90750063458138,45.767250061035156,1057400,0.0,0.0,0.0
2024-05-10 00:00:00-04:00,46.14936055244278,46.55057451185159,45.795905994959604,45.8341178894043,2228700,0.0,0.0,0.0
2024-05-13 00:00:00-04:00,46.31175769337048,46.41683858571427,45.910543716152745,46.13025665283203,972100,0.0,0.0,0.0
2024-05-14 00:00:00-04:00,46.61744337331983,47.84019848348607,46.531468433105694,47.48674392700195,2444200,0.0,0.0,0.0
2024-05-15 00:00:00-04:00,48.25096470440944,48.27007065201775,46.550575452225864,47.45808792114258,3264900,0.0,0.0,0.0
2024-05-16 00:00:00-04:00,47.33390201015994,47.410325802088956,46.94223918674116,47.152400970458984,1221700,0.0,0.0,0.0
2024-05-17 00:00:00-04:00,47.77332784264004,49.36863987903465,47.76377669070017,49.35908508300781,3889000,0.0,0.0,0.0
2024-05-20 00:00:00-04:00,49.76985573434283,50.5340791055354,49.30177274577885,50.36212921142578,2713600,0.0,0.0,0.0
2024-05-21 00:00:00-04:00,50.17107527307996,50.19018122249373,49.13937586925981,49.397300720214844,2341800,0.0,0.0,0.0
2024-05-22 00:00:00-04:00,47.95483480845475,47.95483480845475,46.0347288534219,46.11115264892578,3362800,0.0,0.0,0.0
2024-05-23 00:00:00-04:00,46.78939201064708,46.78939201064708,45.38513590582009,45.62395477294922,1478900,0.0,0.0,0.0
2024-05-24 00:00:00-04:00,46.06338750408233,46.57923352392724,46.06338750408233,46.483707427978516,1123700,0.0,0.0,0.0
2024-05-28 00:00:00-04:00,47.76377751789449,47.87840956359307,47.22882189782274,47.83064651489258,2326200,0.0,0.0,0.0
2024-05-29 00:00:00-04:00,47.075979916813665,47.104640662497644,46.521921969448115,46.55057907104492,1823300,0.0,0.0,0.0
2024-05-30 00:00:00-04:00,46.00607051192169,46.397733343102786,45.729039726819025,46.21623229980469,1361500,0.0,0.0,0.0
2024-05-31 00:00:00-04:00,46.2926500123739,46.61744382923858,45.299162614424645,46.034725189208984,1907600,0.0,0.0,0.0
2024-06-03 00:00:00-04:00,46.33086710825016,46.426393211663196,45.35648554827072,45.614410400390625,1029100,0.0,0.0,0.0
2024-06-04 00:00:00-04:00,44.46807699266201,44.659132835212965,42.987400590044565,43.42682647705078,3022400,0.0,0.0,0.0
2024-06-05 00:00:00-04:00,43.51280034792435,44.44896994477676,43.45548614743741,44.43941879272461,4123800,0.0,0.0,0.0
2024-06-06 00:00:00-04:00,44.420312320481585,45.318270010357644,44.401206372515674,45.260955810546875,1689000,0.0,0.0,0.0
2024-06-07 00:00:00-04:00,44.03820225794414,44.08596895164721,43.359957478771015,43.42682647705078,2637200,0.0,0.0,0.0
2024-06-10 00:00:00-04:00,43.9331249223304,44.33433891124104,43.58922513521438,44.09552001953125,851200,0.0,0.0,0.0
2024-06-11 00:00:00-04:00,43.379060852903244,43.379060852903244,42.65305306720245,43.044715881347656,1102200,0.0,0.0,0.0
2024-06-12 00:00:00-04:00,44.29612885815674,44.60181676074493,42.949190398600265,43.16890335083008,1370900,0.0,0.0,0.0
2024-06-13 00:00:00-04:00,42.8823179806752,43.063822663684086,42.24228512440814,42.42378616333008,831300,0.0,0.0,0.0
2024-06-14 00:00:00-04:00,42.11809758528563,42.63394723776039,41.965253648710174,42.33781051635742,1040600,0.0,0.0,0.0
2024-06-17 00:00:00-04:00,41.80285506059134,42.137203678313966,41.40164109222847,41.98435974121094,1511300,0.0,0.0,0.0
2024-06-18 00:00:00-04:00,41.73598608928094,42.719922351265225,41.69777783804892,42.61484146118164,1435000,0.0,0.0,0.0
2024-06-20 00:00:00-04:00,43.53190667013413,44.028650395115235,43.445931724578024,43.97133255004883,2246700,0.0,0.0,0.0
2024-06-21 00:00:00-04:00,43.24532240296118,43.474586482700225,42.70081565847239,43.19755935668945,927300,0.0,0.0,0.0
2024-06-24 00:00:00-04:00,43.52235299810916,44.33433571372514,43.33129716970339,44.219703674316406,1196000,0.0,0.0,0.0
2024-06-25 00:00:00-04:00,43.914012375964866,43.952220623391746,43.331293784687986,43.43637466430664,1223800,0.0,0.0,0.0
2024-06-26 00:00:00-04:00,43.379064349690736,43.7898331444779,43.31219534998931,43.75162124633789,760700,0.0,0.0,0.0
2024-06-27 00:00:00-04:00,43.856104742937475,43.9040341806991,43.0700502619454,43.204254150390625,820000,0.159,0.0,0.0
2024-06-28 00:00:00-04:00,43.83693643204863,44.201206776107846,42.974195499422564,43.24260330200195,1044900,0.0,0.0,0.0
2024-07-01 00:00:00-04:00,43.884860777558714,44.08617026289499,43.37680216545937,43.58769607543945,649000,0.0,0.0,0.0
2024-07-02 00:00:00-04:00,43.55893852534721,44.03824024015562,43.30970324263087,43.75065994262695,744400,0.0,0.0,0.0
2024-07-03 00:00:00-04:00,44.5846475196621,45.74456054275683,44.527133649559374,45.2652587890625,1159700,0.0,0.0,0.0
2024-07-05 00:00:00-04:00,46.51144264606998,46.55937209011261,45.821246950153096,46.06089782714844,1206100,0.0,0.0,0.0
2024-07-08 00:00:00-04:00,45.8212441765775,46.10882448020814,44.92974267557514,45.15980911254883,924300,0.0,0.0,0.0
2024-07-09 00:00:00-04:00,45.543248947867994,45.66786842203829,45.17898226457332,45.25566864013672,477900,0.0,0.0,0.0
2024-07-10 00:00:00-04:00,45.341942959016855,45.78289967330401,45.169394043551094,45.49531936645508,637000,0.0,0.0,0.0
2024-07-11 00:00:00-04:00,45.62952389033632,45.74455894007583,45.00643382643324,45.31318664550781,669300,0.0,0.0,0.0
2024-07-12 00:00:00-04:00,45.75414072390778,46.214269925951,45.56241930886098,45.98420715332031,2201300,0.0,0.0,0.0
2024-07-15 00:00:00-04:00,45.79248708028519,45.802071505766584,45.111879510865656,45.1406364440918,2835900,0.0,0.0,0.0
2024-07-16 00:00:00-04:00,44.392925297340774,44.69967809643908,43.90403550974035,44.65174865722656,1763400,0.0,0.0,0.0
2024-07-17 00:00:00-04:00,44.07658762678576,44.09576013522362,43.15632916246097,43.280948638916016,1857100,0.0,0.0,0.0
2024-07-18 00:00:00-04:00,43.02212630242024,43.21384773466135,41.43084463134872,41.6033935546875,1630600,0.0,0.0,0.0
2024-07-19 00:00:00-04:00,41.16242685675732,41.689661628835125,41.124085501609336,41.517112731933594,1553300,0.0,0.0,0.0
2024-07-22 00:00:00-04:00,41.3062177946685,41.497939192761386,40.932363079617204,41.143253326416016,2945400,0.0,0.0,0.0
2024-07-23 00:00:00-04:00,40.443478617981505,40.89402341387297,40.25176085161083,40.83650588989258,1124900,0.0,0.0,0.0
2024-07-24 00:00:00-04:00,40.692717680012265,41.41167027627827,40.29010232457666,40.31886291503906,843400,0.0,0.0,0.0
2024-07-25 00:00:00-04:00,39.97376618122107,40.47224043379823,39.312327434156146,40.213417053222656,1725600,0.0,0.0,0.0
2024-07-26 00:00:00-04:00,40.50099992456611,40.90361165968498,40.2613490374385,40.81734085083008,1360600,0.0,0.0,0.0
2024-07-29 00:00:00-04:00,40.39554677118788,40.72147207410683,40.15589592071166,40.51057815551758,770200,0.0,0.0,0.0
2024-07-30 00:00:00-04:00,40.08879551554706,40.66395611607805,39.97376412679725,40.203826904296875,780200,0.0,0.0,0.0
2024-07-31 00:00:00-04:00,41.526702114597605,42.27441165258915,41.430843230110185,41.929317474365234,2717000,0.0,0.0,0.0
2024-08-01 00:00:00-04:00,41.565044009969625,41.565044009969625,39.60949219630038,39.97376251220703,1713800,0.0,0.0,0.0
2024-08-02 00:00:00-04:00,39.59991168402535,39.74370001416661,38.97681794973347,39.47529220581055,1478700,0.0,0.0,0.0
2024-08-05 00:00:00-04:00,36.743274100288176,38.28662267157322,36.58989402898404,37.9798698425293,1302000,0.0,0.0,0.0
2024-08-06 00:00:00-04:00,37.71145888359497,38.45916838488163,37.577254989187814,38.056556701660156,1693200,0.0,0.0,0.0
2024-08-07 00:00:00-04:00,38.34414344917623,38.58379434573358,37.07878700789601,37.1075439453125,896500,0.0,0.0,0.0
2024-08-08 00:00:00-04:00,37.510157115468274,38.257866697953816,37.2321612144172,38.094905853271484,779800,0.0,0.0,0.0
2024-08-09 00:00:00-04:00,38.48792757934525,38.54544144241709,38.13324169208746,38.38248062133789,466100,0.0,0.0,0.0
2024-08-12 00:00:00-04:00,38.81385344655444,39.13019066842624,38.564614513654924,38.97681427001953,1019700,0.0,0.0,0.0
2024-08-13 00:00:00-04:00,38.62213613048169,39.09184980057641,38.5071010768901,39.01516342163086,565600,0.0,0.0,0.0
2024-08-14 00:00:00-04:00,39.00557038753883,39.06308790703355,38.48792733921322,38.86178207397461,1095200,0.0,0.0,0.0
2024-08-15 00:00:00-04:00,39.57114957080112,40.55851361902141,39.49446319569797,40.29969024658203,2568700,0.0,0.0,0.0
2024-08-16 00:00:00-04:00,40.251762562553864,40.654374277184104,39.916249143579854,40.548927307128906,1450200,0.0,0.0,0.0
2024-08-19 00:00:00-04:00,41.04739716718638,41.39249497519305,40.85567575642915,41.24870300292969,610400,0.0,0.0,0.0
2024-08-20 00:00:00-04:00,41.45001743420571,41.584221340691585,40.77899424499416,40.86526870727539,474300,0.0,0.0,0.0
2024-08-21 00:00:00-04:00,41.47877091716108,41.83345316289442,41.152845604200685,41.699249267578125,438400,0.0,0.0,0.0
2024-08-22 00:00:00-04:00,41.507529042535914,41.507529042535914,40.6735450571211,40.83650588989258,676100,0.0,0.0,0.0
2024-08-23 00:00:00-04:00,41.296639033340114,42.29358385792784,41.26787844277424,42.14979553222656,720900,0.0,0.0,0.0
2024-08-26 00:00:00-04:00,42.466134065558656,42.79205939988753,42.26482820938609,42.341514587402344,917300,0.0,0.0,0.0
2024-08-27 00:00:00-04:00,42.389445157199034,42.61950793429685,42.178551230874454,42.49489212036133,475600,0.0,0.0,0.0
2024-08-28 00:00:00-04:00,41.785524452730094,41.785524452730094,40.72147404015773,41.01864242553711,1215900,0.0,0.0,0.0
2024-08-29 00:00:00-04:00,40.96112474167522,41.27746563359241,40.96112474167522,40.99946975708008,402000,0.0,0.0,0.0
2024-08-30 00:00:00-04:00,41.104918819989784,41.756769488030066,40.89402488127613,41.545875549316406,1155100,0.0,0.0,0.0
2024-09-03 00:00:00-04:00,40.00252334308141,40.242174216445264,38.39206918153371,38.42082977294922,4062500,0.0,0.0,0.0
2024-09-04 00:00:00-04:00,38.43999639610381,38.909713689646956,38.22910612638285,38.392066955566406,1685300,0.0,0.0,0.0
2024-09-05 00:00:00-04:00,38.871367194310395,38.871367194310395,38.133242136439534,38.181175231933594,1473500,0.0,0.0,0.0
2024-09-06 00:00:00-04:00,38.018215311142335,38.25786619022335,36.84871785105663,36.98292541503906,1261500,0.0,0.0,0.0
2024-09-09 00:00:00-04:00,37.60601552112343,37.74021942837555,37.385537151097495,37.51974105834961,923400,0.0,0.0,0.0
2024-09-10 00:00:00-04:00,37.47181240639664,37.47181240639664,36.83913421826827,37.356781005859375,1284400,0.0,0.0,0.0
2024-09-11 00:00:00-04:00,37.644357095710056,38.1236588102109,37.05960841893393,38.07572937011719,1751000,0.0,0.0,0.0
2024-09-12 00:00:00-04:00,38.430412367665475,39.30274135887159,38.430412367665475,39.20688247680664,1079800,0.0,0.0,0.0
2024-09-13 00:00:00-04:00,39.293158078738585,39.906663718114125,39.293158078738585,39.63825225830078,2502700,0.0,0.0,0.0
2024-09-16 00:00:00-04:00,40.184657251413796,40.20382976036443,39.791629959881305,40.06962585449219,929000,0.0,0.0,0.0
2024-09-17 00:00:00-04:00,40.021693567377845,40.57768531710212,40.021693567377845,40.203826904296875,988100,0.0,0.0,0.0
2024-09-18 00:00:00-04:00,40.37637742592061,41.75676877309257,40.13672655667904,40.41472244262695,1422500,0.0,0.0,0.0
2024-09-19 00:00:00-04:00,41.95807185550527,42.111448255422495,41.680075987910975,41.86220932006836,3517000,0.0,0.0,0.0
2024-09-20 00:00:00-04:00,41.80469941298869,41.89097387465808,41.22953511626536,41.6033935546875,1992000,0.0,0.0,0.0
2024-09-23 00:00:00-04:00,41.68966043324156,42.389440425370715,41.68966043324156,41.881378173828125,929800,0.0,0.0,0.0
2024-09-24 00:00:00-04:00,43.904036938290666,45.02560486762266,43.87528000518382,44.862640380859375,7453400,0.0,0.0,0.0
2024-09-25 00:00:00-04:00,44.50795804790404,44.575059996216005,44.038240752938364,44.06700134277344,1410100,0.0,0.0,0.0
2024-09-26 00:00:00-04:00,45.869173262238895,46.93322366852978,45.85000441135644,46.39640808105469,3377400,0.0,0.0,0.0
2024-09-27 00:00:00-04:00,46.233444996293,46.56895840542106,45.78290019447232,46.07048416137695,1505700,0.0,0.0,0.0
2024-09-30 00:00:00-04:00,45.99379423428064,45.99379423428064,44.92974379327357,45.31318664550781,3018900,0.0,0.0,0.0
2024-10-01 00:00:00-04:00,45.66787085112973,46.22386264486135,45.2173260290908,46.0992431640625,1575800,0.0,0.0,0.0
2024-10-02 00:00:00-04:00,46.20468967526884,46.87571286016757,46.099242704627045,46.55937194824219,716200,0.0,0.0,0.0
2024-10-03 00:00:00-04:00,45.06394749702431,45.50490787219575,44.651751369334754,44.7763671875,3085500,0.0,0.0,0.0
2024-10-04 00:00:00-04:00,46.08006632728172,46.14716827446016,45.57200768242161,45.78289794921875,1869100,0.0,0.0,0.0
2024-10-07 00:00:00-04:00,45.984206668891886,46.07048112191498,45.53366189679552,45.92668914794922,1622300,0.0,0.0,0.0
2024-10-08 00:00:00-04:00,44.39292309505101,44.40250751970532,43.51100609880807,43.846519470214844,2045400,0.0,0.0,0.0
2024-10-09 00:00:00-04:00,43.35763236326713,43.8752790890735,43.070052067857546,43.71231460571289,722800,0.0,0.0,0.0
2024-10-10 00:00:00-04:00,43.71231750302686,44.43127011759495,43.6835605686144,44.354583740234375,508100,0.0,0.0,0.0
2024-10-11 00:00:00-04:00,44.153274323545006,45.025603279237785,44.153274323545006,44.91056823730469,556100,0.0,0.0,0.0
2024-10-14 00:00:00-04:00,43.78900847454745,44.642165010346375,43.779420391683324,44.22996520996094,1117600,0.0,0.0,0.0
2024-10-15 00:00:00-04:00,43.376808166503906,43.50142764480391,42.96460837094263,43.376808166503906,2531300,0.0,0.0,0.0
2024-10-16 00:00:00-04:00,43.37680490197342,44.07658496213066,43.37680490197342,43.97113800048828,1332000,0.0,0.0,0.0
2024-10-17 00:00:00-04:00,43.35763580606597,43.568529745943835,43.00295353545678,43.13715744018555,991100,0.0,0.0,0.0
2024-10-18 00:00:00-04:00,44.14368658189022,44.14368658189022,43.73148682040748,43.91362380981445,736300,0.0,0.0,0.0
2024-10-21 00:00:00-04:00,44.21079023821855,44.21079023821855,43.233014277128916,43.36722183227539,714000,0.0,0.0,0.0
2024-10-22 00:00:00-04:00,43.88486338519251,43.971137839239724,43.50142421136854,43.95196533203125,608400,0.0,0.0,0.0
2024-10-23 00:00:00-04:00,43.290527946254606,43.32887295859658,42.60033235122579,43.108394622802734,2373600,0.0,0.0,0.0
2024-10-24 00:00:00-04:00,43.21384683233352,43.319290143921364,42.60033753061594,43.041297912597656,1464600,0.0,0.0,0.0
2024-10-25 00:00:00-04:00,43.22343190133721,43.89445508176319,43.070055487821165,43.13715744018555,525700,0.0,0.0,0.0
2024-10-28 00:00:00-04:00,43.40555888530595,43.693142818165924,43.146735539800936,43.30970001220703,374700,0.0,0.0,0.0
2024-10-29 00:00:00-04:00,43.463081017177785,43.4822535251892,43.07963817051345,43.16591262817383,919000,0.0,0.0,0.0
2024-10-30 00:00:00-04:00,42.65785407896072,42.83998742038442,42.274411231268495,42.64826965332031,730500,0.0,0.0,0.0
2024-10-31 00:00:00-04:00,42.30316597939416,42.43736986051736,41.47876653045854,41.881378173828125,1453000,0.0,0.0,0.0
2024-11-01 00:00:00-04:00,42.3606875749408,42.878334345334906,42.351103148873726,42.39903259277344,658600,0.0,0.0,0.0
2024-11-04 00:00:00-05:00,42.67702658950304,43.280947794779685,42.59075213160638,42.66743850708008,1090900,0.0,0.0,0.0
2024-11-05 00:00:00-05:00,43.18508581254804,43.760250091552734,43.07005441945992,43.760250091552734,761400,0.0,0.0,0.0
2024-11-06 00:00:00-05:00,41.69925356332754,42.082696438117026,40.84609700654232,42.03476333618164,3699300,0.0,0.0,0.0
2024-11-07 00:00:00-05:00,43.57810925595248,44.728434055947105,43.57810925595248,44.536712646484375,1200300,0.0,0.0,0.0
2024-11-08 00:00:00-05:00,43.127574435162224,43.127574435162224,41.68966913977953,42.29358673095703,1009000,0.0,0.0,0.0
2024-11-11 00:00:00-05:00,41.77593975395715,41.89097114308813,41.191191069303244,41.49794387817383,918400,0.0,0.0,0.0
2024-11-12 00:00:00-05:00,40.453067764311655,40.56809915851586,39.580738739967074,40.194244384765625,2289800,0.0,0.0,0.0
2024-11-13 00:00:00-05:00,39.96417414937027,40.165483641113035,39.14936272779561,39.17811965942383,3484500,0.0,0.0,0.0
2024-11-14 00:00:00-05:00,39.1493607622794,39.83955634095895,39.03432938476,39.66700744628906,3348700,0.0,0.0,0.0
2024-11-15 00:00:00-05:00,39.86831498559269,40.06962081910375,39.35066827932277,39.398597717285156,1825300,0.0,0.0,0.0
2024-11-18 00:00:00-05:00,39.49446413875106,40.462652045336576,39.465703547716394,40.433895111083984,1194200,0.0,0.0,0.0
2024-11-19 00:00:00-05:00,40.37637513120293,41.181602152362274,40.232586811899175,41.124088287353516,1055400,0.0,0.0,0.0
2024-11-20 00:00:00-05:00,40.76940155029297,41.152844374119844,40.70229960464053,40.76940155029297,1196600,0.0,0.0,0.0
2024-11-21 00:00:00-05:00,40.769403481210674,41.14325824091838,40.56809763471913,41.01864242553711,812500,0.0,0.0,0.0
2024-11-22 00:00:00-05:00,40.577684276964526,40.855676487918906,40.47223731632101,40.82691955566406,1120000,0.0,0.0,0.0
2024-11-25 00:00:00-05:00,40.85567950298372,41.0569890139693,40.50099723746584,40.711891174316406,1282300,0.0,0.0,0.0
2024-11-26 00:00:00-05:00,40.64479063735676,40.64479063735676,39.762873499021694,40.12714385986328,1224800,0.0,0.0,0.0
2024-11-27 00:00:00-05:00,40.41472260265489,40.83650681774863,40.25176176618075,40.433895111083984,1298900,0.0,0.0,0.0
2024-11-29 00:00:00-05:00,40.136727990948955,40.86526870727539,40.136727990948955,40.86526870727539,1278900,0.0,0.0,0.0
2024-12-02 00:00:00-05:00,40.56810013508373,40.894025473826495,40.18465726946324,40.58727264404297,1323700,0.0,0.0,0.0
2024-12-03 00:00:00-05:00,41.306224326220736,41.55545962340479,40.76940505803233,40.9707145690918,1190100,0.0,0.0,0.0
2024-12-04 00:00:00-05:00,40.95154029011507,41.14325805345331,40.60644246525515,40.74064636230469,873600,0.0,0.0,0.0
2024-12-05 00:00:00-05:00,40.62561483947425,41.124089067436245,40.54892480896537,40.98029708862305,1188400,0.0,0.0,0.0
2024-12-06 00:00:00-05:00,40.87485036956606,40.88443845182799,40.15589778476333,40.24217224121094,1012100,0.0,0.0,0.0
2024-12-09 00:00:00-05:00,41.70883417539729,42.73454322314133,41.70883417539729,41.75676727294922,2144200,0.0,0.0,0.0
2024-12-10 00:00:00-05:00,41.45959598325457,41.603387952267546,41.10491375827936,41.373321533203125,3971800,0.0,0.0,0.0
2024-12-11 00:00:00-05:00,41.1720177620945,41.53628808684744,40.922778824238634,41.40208053588867,410600,0.0,0.0,0.0
2024-12-12 00:00:00-05:00,40.8460943951028,40.89402383719162,40.060039843143734,40.1175537109375,1044800,0.0,0.0,0.0
2024-12-13 00:00:00-05:00,39.791627673989794,39.92583522893445,38.97681620269805,39.24522399902344,1070000,0.0,0.0,0.0
2024-12-16 00:00:00-05:00,39.024742523529206,39.10143254879406,38.49751139856925,38.564613342285156,959100,0.0,0.0,0.0
2024-12-17 00:00:00-05:00,38.23869418971001,38.23869418971001,37.740219915777224,38.11407470703125,1296300,0.0,0.0,0.0
2024-12-18 00:00:00-05:00,38.03738698624723,38.26744977732245,36.398175886903296,36.628238677978516,2304500,0.0,0.0,0.0
2024-12-19 00:00:00-05:00,36.93499022883266,37.10753914457326,36.46527658014703,36.71451187133789,2830500,0.0,0.0,0.0
2024-12-20 00:00:00-05:00,36.62823605575966,37.66352951182779,36.513204668457156,37.299259185791016,896700,0.0,0.0,0.0
2024-12-23 00:00:00-05:00,37.05002676140384,37.788148238907525,37.05002676140384,37.68270492553711,451900,0.0,0.0,0.0
2024-12-24 00:00:00-05:00,37.71145995292472,37.768977476493816,37.433464074180385,37.69228744506836,188700,0.0,0.0,0.0
2024-12-26 00:00:00-05:00,37.58683764988761,37.9990373958051,37.58683764988761,37.82648849487305,303500,0.0,0.0,0.0
2024-12-27 00:00:00-05:00,37.7498062370723,37.89359456565353,37.433465331985836,37.606014251708984,403700,0.0,0.0,0.0
2024-12-30 00:00:00-05:00,37.15901659358776,37.304774103895014,36.877213550720626,37.09099197387695,634100,0.53,0.0,0.0
2024-12-31 00:00:00-05:00,37.295058878842624,37.392230553578166,36.964669995135296,37.100711822509766,664400,0.0,0.0,0.0
2025-01-02 00:00:00-05:00,37.3047766031333,37.84894764924439,37.20760492308509,37.43110275268555,879400,0.0,0.0,0.0
2025-01-03 00:00:00-05:00,37.80036012891882,37.98498779554813,37.275624183515326,37.85866165161133,2965500,0.0,0.0,0.0
2025-01-06 00:00:00-05:00,38.46113887339514,39.01502559411849,38.35424780327977,38.44170379638672,2801000,0.0,0.0,0.0
2025-01-07 00:00:00-05:00,38.937285458740654,38.937285458740654,37.887817243665666,38.072444915771484,1214000,0.0,0.0,0.0
2025-01-08 00:00:00-05:00,38.15989972578585,38.363962468657526,37.57685855161586,38.32509231567383,1100200,0.0,0.0,0.0
2025-01-10 00:00:00-05:00,38.65548193739572,38.937284991593636,37.91696755097077,38.06272506713867,739400,0.0,0.0,0.0
2025-01-13 00:00:00-05:00,37.81979206106859,38.06272496086537,37.537992714519355,37.965553283691406,578600,0.0,0.0,0.0
2025-01-14 00:00:00-05:00,38.121030511342525,38.45141940611449,37.91696776344681,38.1599006652832,487500,0.0,0.0,0.0
2025-01-15 00:00:00-05:00,38.75265631683982,38.995589211015584,38.20848529941585,38.5971794128418,576100,0.0,0.0,0.0
2025-01-16 00:00:00-05:00,38.73322148254512,38.73322148254512,38.24735569115717,38.50972366333008,998900,0.0,0.0,0.0
2025-01-17 00:00:00-05:00,38.61661505346622,39.41343466145694,38.383397840630515,38.704071044921875,1366400,0.0,0.0,0.0
2025-01-21 00:00:00-05:00,39.41343576768279,39.53975820910505,39.073327477204074,39.19965362548828,628400,0.0,0.0,0.0
2025-01-22 00:00:00-05:00,39.05388948754892,39.16078055067471,38.04329149722709,38.101593017578125,2593200,0.0,0.0,0.0
2025-01-23 00:00:00-05:00,38.05300911210844,38.41254876433885,37.62544854477665,38.33481216430664,1118300,0.0,0.0,0.0
2025-01-24 00:00:00-05:00,38.85954840791034,39.14134775536893,38.65548195420751,38.81095886230469,629100,0.0,0.0,0.0
2025-01-27 00:00:00-05:00,38.19876782425587,38.29593949462693,37.69346698323078,37.99470138549805,887100,0.0,0.0,0.0
2025-01-28 00:00:00-05:00,37.61572850524019,37.742054648336776,36.624561850579916,36.91608428955078,847200,0.0,0.0,0.0
2025-01-29 00:00:00-05:00,36.93551457847445,37.68374831667617,36.93551457847445,37.45053482055664,777500,0.0,0.0,0.0
2025-01-30 00:00:00-05:00,37.79064210092736,38.38339898210332,37.67403534447269,37.984989166259766,602000,0.0,0.0,0.0
2025-01-31 00:00:00-05:00,37.868380656250594,37.955836646257296,37.100711822509766,37.100711822509766,425100,0.0,0.0,0.0
2025-02-03 00:00:00-05:00,36.48851774170419,37.18816562051814,36.25530425334059,36.95494842529297,906800,0.0,0.0,0.0
2025-02-04 00:00:00-05:00,37.28534367756146,38.344531361407384,37.207607070408955,38.14046859741211,864200,0.0,0.0,0.0
2025-02-05 00:00:00-05:00,38.218208263027684,38.62633378409409,38.004426109976436,38.50000762939453,470600,0.0,0.0,0.0
2025-02-06 00:00:00-05:00,39.345411594027404,39.70495122506917,39.170499620685646,39.306541442871094,1066700,0.0,0.0,0.0
2025-02-07 00:00:00-05:00,40.11307850604885,40.78357566980787,39.88958068708311,40.006187438964844,1865400,0.0,0.0,0.0
2025-02-10 00:00:00-05:00,40.56979450681773,40.69612065338305,40.190819773983684,40.589229583740234,1440900,0.0,0.0,0.0
2025-02-11 00:00:00-05:00,39.40371473027221,39.539756558038206,39.15106615111563,39.34541320800781,2662800,0.0,0.0,0.0
2025-02-12 00:00:00-05:00,39.16078123047694,39.996470967390955,39.08304463303889,39.704952239990234,1338100,0.0,0.0,0.0
2025-02-13 00:00:00-05:00,39.94788400732429,41.036222288885725,39.763252643234885,40.890464782714844,2006000,0.0,0.0,0.0
2025-02-14 00:00:00-05:00,41.16255116186956,41.31802806956778,40.43375246199754,40.4920539855957,1509600,0.0,0.0,0.0
2025-02-18 00:00:00-05:00,40.55035878588205,40.579509547371885,40.113078829225294,40.20053482055664,1357900,0.0,0.0,0.0
2025-02-19 00:00:00-05:00,39.695230559304704,39.695230559304704,38.89841102049303,38.99558639526367,1925800,0.0,0.0,0.0
2025-02-20 00:00:00-05:00,39.64664584556358,40.064490701729724,39.578624934732964,39.95759963989258,850300,0.0,0.0,0.0
2025-02-21 00:00:00-05:00,39.61749807630153,39.73410483126166,37.98498867941205,38.1599006652832,992700,0.0,0.0,0.0
2025-02-24 00:00:00-05:00,38.266791979855576,38.431984574866796,37.76149109598172,38.072444915771484,505300,0.0,0.0,0.0
2025-02-25 00:00:00-05:00,38.32509152898496,38.53887365914523,37.43110026988157,38.02385711669922,789300,0.0,0.0,0.0
2025-02-26 00:00:00-05:00,38.28622817993164,38.90813583775249,38.111316187811774,38.28622817993164,686800,0.0,0.0,0.0
2025-02-27 00:00:00-05:00,38.79152383049834,38.79152383049834,37.48940704046047,37.59629440307617,1307500,0.0,0.0,0.0
2025-02-28 00:00:00-05:00,36.98410667720218,37.23675526660095,36.66343346430094,37.139583587646484,666200,0.0,0.0,0.0
2025-03-03 00:00:00-05:00,37.95583872468787,38.33481346651533,36.45937112789981,36.68286895751953,546900,0.0,0.0,0.0
2025-03-04 00:00:00-05:00,36.624562572426846,37.178449286409375,35.740286967045805,36.653717041015625,1479100,0.0,0.0,0.0
2025-03-05 00:00:00-05:00,37.82951071648048,39.52032159030858,37.82951071648048,39.44258499145508,2816700,0.0,0.0,0.0
2025-03-06 00:00:00-05:00,38.87897929330706,39.69523397735844,38.87897929330706,38.985870361328125,1200300,0.0,0.0,0.0
2025-03-07 00:00:00-05:00,38.69435256322784,39.11219745369201,38.014139692226024,38.8206787109375,702200,0.0,0.0,0.0
2025-03-10 00:00:00-04:00,38.25707290357675,38.431984892009616,36.993822536898655,37.518558502197266,879700,0.0,0.0,0.0
2025-03-11 00:00:00-04:00,37.69346810895951,38.45141753970275,37.49912105555152,38.2084846496582,744100,0.0,0.0,0.0
2025-03-12 00:00:00-04:00,38.69434935638881,38.75265458285237,38.21820298095208,38.46113586425781,359000,0.0,0.0,0.0
2025-03-13 00:00:00-04:00,38.48056845715507,39.33569327151858,38.305656479061135,39.053890228271484,1750400,0.0,0.0,0.0
2025-03-14 00:00:00-04:00,39.84099700972784,40.28799267189742,39.68552009650095,40.15195083618164,1669000,0.0,0.0,0.0
2025-03-17 00:00:00-04:00,40.53092487780657,41.143116834776,40.47262335314602,40.97792053222656,923700,0.0,0.0,0.0
2025-03-18 00:00:00-04:00,41.58039684447584,41.68728791560674,40.9973556492697,41.44435501098633,754200,0.0,0.0,0.0
2025-03-19 00:00:00-04:00,41.40548513393534,42.202304769878445,41.22085375279552,41.920501708984375,1383000,0.0,0.0,0.0
2025-03-20 00:00:00-04:00,41.28887649408938,41.79417365400431,41.03622420727011,41.40548324584961,779600,0.0,0.0,0.0
2025-03-21 00:00:00-04:00,40.511488122882234,40.74470533245179,40.132513400835784,40.56007766723633,1121600,0.0,0.0,0.0
2025-03-24 00:00:00-04:00,41.54152415419708,41.70671673996108,41.0265076140367,41.288875579833984,871800,0.0,0.0,0.0
2025-03-25 00:00:00-04:00,41.93022061297618,42.212019963727904,41.85248030458816,42.09541320800781,1395800,0.0,0.0,0.0
2025-03-26 00:00:00-04:00,42.124560570447166,42.192581481365906,40.6280968233733,40.890464782714844,2179200,0.0,0.0,0.0
2025-03-27 00:00:00-04:00,40.122796499312315,40.49205181854514,39.72438671297882,40.064491271972656,800500,0.0,0.0,0.0
2025-03-28 00:00:00-04:00,39.84099462061876,39.92845061074337,38.73322121694822,38.87897872924805,897600,0.0,0.0,0.0
2025-03-31 00:00:00-04:00,37.75177114567444,38.179335421708366,37.07156199173296,37.965553283691406,1089100,0.0,0.0,0.0
2025-04-01 00:00:00-04:00,37.96555256061954,38.41254819808552,37.69346890422491,38.22792053222656,678600,0.0,0.0,0.0
2025-04-02 00:00:00-04:00,37.83922448878737,38.140462597916255,37.70318266752324,37.99470138549805,571700,0.0,0.0,0.0
2025-04-03 00:00:00-04:00,36.39134625735307,36.537103761604534,35.27385352378393,35.371028900146484,3376400,0.0,0.0,0.0
2025-04-04 00:00:00-04:00,33.097177542901434,33.34982611194667,31.066256625294166,31.74646759033203,2291900,0.0,0.0,0.0
2025-04-07 00:00:00-04:00,30.444351907881853,33.184636662634745,30.259722379135546,31.396650314331055,1791900,0.0,0.0,0.0
2025-04-08 00:00:00-04:00,32.689050953365594,32.893113702980244,29.900182254712913,30.356895446777344,1905400,0.0,0.0,0.0
2025-04-09 00:00:00-04:00,30.852478947401167,34.3507112980625,30.279157143096242,33.96202087402344,3890400,0.0,0.0,0.0
2025-04-10 00:00:00-04:00,33.36926042569954,33.36926042569954,31.67844595592915,32.47526550292969,2353800,0.0,0.0,0.0
2025-04-11 00:00:00-04:00,33.43728091017514,34.72968559001322,33.388695076339005,34.51590347290039,2095100,0.0,0.0,0.0
2025-04-14 00:00:00-04:00,34.91431904715059,35.594531954552,34.7394070507656,35.31272888183594,1853000,0.0,0.0,0.0
2025-04-15 00:00:00-04:00,35.0989450244734,35.44876900025299,34.87544719702799,35.17668533325195,1757000,0.0,0.0,0.0
2025-04-16 00:00:00-04:00,35.0989450244734,35.53622499419789,34.80742628027773,35.17668533325195,1693800,0.0,0.0,0.0
2025-04-17 00:00:00-04:00,35.332160492620744,35.66254937482915,34.885164859886366,35.32244110107422,1418100,0.0,0.0,0.0
2025-04-21 00:00:00-04:00,35.6333942020128,35.88604648115886,34.885164169652235,35.303009033203125,871900,0.0,0.0,0.0
2025-04-22 00:00:00-04:00,35.944351637924264,36.68286598433816,35.944351637924264,36.235870361328125,1899700,0.0,0.0,0.0
2025-04-23 00:00:00-04:00,36.79947289972902,37.66431338940138,36.79947289972902,37.081275939941406,1799800,0.0,0.0,0.0
2025-04-24 00:00:00-04:00,37.27562389901713,38.509723447034425,37.27562389901713,38.41254806518555,1779100,0.0,0.0,0.0
2025-04-25 00:00:00-04:00,37.64488468508995,38.15018186673022,37.55742869079414,38.08216094970703,1427200,0.0,0.0,0.0
2025-04-28 00:00:00-04:00,38.08216084549499,38.29594298804683,37.62544950485508,37.984989166259766,1505200,0.0,0.0,0.0
2025-04-29 00:00:00-04:00,38.36396333688624,38.422268567681314,37.712904940553166,37.87809753417969,1066500,0.0,0.0,0.0
2025-04-30 00:00:00-04:00,36.41078390130975,36.95495121988331,36.002654705517735,36.741172790527344,2127500,0.0,0.0,0.0
2025-05-01 00:00:00-04:00,37.022974768735395,37.46025475717254,36.79947693172576,36.99382400512695,1393200,0.0,0.0,0.0
2025-05-02 00:00:00-04:00,37.7323361021784,37.97526897832368,37.30477186777134,37.780921936035156,2002700,0.0,0.0,0.0
2025-05-05 00:00:00-04:00,37.7809245092205,38.08215892376577,37.46025131157477,37.469970703125,1483500,0.0,0.0,0.0
2025-05-06 00:00:00-04:00,37.54771039784737,38.37368452523334,37.5088402421643,38.29594421386719,2062600,0.0,0.0,0.0
2025-05-07 00:00:00-04:00,37.92668425191055,38.08216116410487,37.197885530963084,37.43110275268555,1094500,0.0,0.0,0.0
2025-05-08 00:00:00-04:00,37.722618560295494,37.97527083971299,37.51855582397792,37.732337951660156,985000,0.0,0.0,0.0
2025-05-09 00:00:00-04:00,37.94611796487636,38.23763670140091,37.82951121163891,38.053009033203125,787700,0.0,0.0,0.0
2025-05-12 00:00:00-04:00,39.044173956116715,39.627211403081866,38.888697056468565,39.131629943847656,1448400,0.0,0.0,0.0
2025-05-13 00:00:00-04:00,39.18993569802023,39.9673202067094,39.18993569802023,39.704952239990234,1690800,0.0,0.0,0.0
2025-05-14 00:00:00-04:00,39.64664903356709,39.64664903356709,39.141348150435604,39.287109375,881900,0.0,0.0,0.0
2025-05-15 00:00:00-04:00,39.03445746292404,39.092762694694144,38.4319848954141,39.0150260925293,1083300,0.0,0.0,0.0
2025-05-16 00:00:00-04:00,38.46113760954088,38.62633019839129,37.936401668142324,38.41254806518555,843000,0.0,0.0,0.0
2025-05-19 00:00:00-04:00,38.12102997148778,38.83039358998088,38.05300905648583,38.80124282836914,635900,0.0,0.0,0.0
2025-05-20 00:00:00-04:00,38.587461839251674,38.88869997669248,38.587461839251674,38.83039474487305,728200,0.0,0.0,0.0
2025-05-21 00:00:00-04:00,38.86926601541487,39.70495582784422,38.86926601541487,39.0441780090332,922700,0.0,0.0,0.0
2025-05-22 00:00:00-04:00,38.96643504348049,39.39399931291791,38.83039321479106,39.073326110839844,1232500,0.0,0.0,0.0
2025-05-23 00:00:00-04:00,39.30654432514181,40.2296900950576,39.09276218496752,40.219970703125,2269100,0.0,0.0,0.0
2025-05-27 00:00:00-04:00,40.297712623823855,40.58923137681577,40.10336555287523,40.25884246826172,1396600,0.0,0.0,0.0
2025-05-28 00:00:00-04:00,39.899300212094715,40.0936435635932,39.62721284764556,39.82155990600586,1196700,0.0,0.0,0.0
2025-05-29 00:00:00-04:00,40.23940370632711,40.47262091148547,39.88957975202043,40.07421112060547,886700,0.0,0.0,0.0
2025-05-30 00:00:00-04:00,39.860430971015916,40.0450586419083,39.403715929449305,39.938167572021484,1173900,0.0,0.0,0.0
2025-06-02 00:00:00-04:00,40.676683830159845,40.89046596026754,40.43375093935083,40.7349853515625,1195100,0.0,0.0,0.0
2025-06-03 00:00:00-04:00,40.69612072907779,40.90989916189915,40.27827584162155,40.87103271484375,751100,0.0,0.0,0.0
2025-06-04 00:00:00-04:00,41.1819846249602,41.49293842817182,41.05565848401119,41.38604736328125,1726900,0.0,0.0,0.0
2025-06-05 00:00:00-04:00,42.143999047319355,42.53269317553557,42.00795721450226,42.09541320800781,1842300,0.0,0.0,0.0
2025-06-06 00:00:00-04:00,42.270323466536766,42.48410559900008,41.9496502678418,41.95936965942383,819900,0.0,0.0,0.0
2025-06-09 00:00:00-04:00,42.08569564744512,42.56184204108666,42.08569564744512,42.32862854003906,1112500,0.0,0.0,0.0
2025-06-10 00:00:00-04:00,42.51325563378977,42.61042730677946,41.95936894265276,42.221736907958984,1140700,0.0,0.0,0.0
2025-06-11 00:00:00-04:00,42.13428163928258,42.34806377174589,41.871913669494454,41.95936965942383,1269500,0.0,0.0,0.0
2025-06-12 00:00:00-04:00,41.978806556580786,42.36749697890073,41.63869826683114,42.19258499145508,1187000,0.0,0.0,0.0
2025-06-13 00:00:00-04:00,41.32774256931638,41.96908525853633,41.172265666077045,41.67756652832031,1287800,0.0,0.0,0.0
2025-06-16 00:00:00-04:00,42.1828657131393,42.65901579548513,42.11484480235584,42.289756774902344,1046400,0.0,0.0,0.0
2025-06-17 00:00:00-04:00,42.3966531511066,42.3966531511066,41.68728948768744,41.7650260925293,817500,0.0,0.0,0.0
2025-06-18 00:00:00-04:00,41.745588356046184,42.173152629464425,41.66785175615496,41.79417419433594,658700,0.0,0.0,0.0
2025-06-20 00:00:00-04:00,41.745589542896006,41.745589542896006,40.73498776754512,40.79329299926758,1335500,0.0,0.0,0.0
2025-06-23 00:00:00-04:00,40.433751901035734,41.366613334282924,40.33657651828385,41.31802749633789,637200,0.0,0.0,0.0
2025-06-24 00:00:00-04:00,41.35689815483033,41.93993563101923,41.35689815483033,41.89134979248047,1310100,0.0,0.0,0.0
2025-06-25 00:00:00-04:00,41.46378794496962,41.78446117045529,41.3957670256597,41.7650260925293,670000,0.0,0.0,0.0
2025-06-26 00:00:00-04:00,42.91166637405456,44.39841450351013,42.91166637405456,44.30124282836914,2268400,0.0,0.0,0.0
2025-06-27 00:00:00-04:00,44.11559904146182,44.14491053812779,43.52934301703404,43.88109588623047,1158100,0.25,0.0,0.0
2025-06-30 00:00:00-04:00,43.734529142051336,44.017886022457,43.285068817663706,43.969032287597656,1913000,0.0,0.0,0.0
2025-07-01 00:00:00-04:00,44.21330660946048,44.60414395991211,44.03743017448737,44.389183044433594,2932400,0.0,0.0,0.0
2025-07-02 00:00:00-04:00,44.78978930237407,46.079547330593385,44.74093556577357,45.551918029785156,3375700,0.0,0.0,0.0
2025-07-03 00:00:00-04:00,45.600772037769254,45.757109959503154,45.13176945447116,45.39558410644531,935400,0.0,0.0,0.0
2025-07-07 00:00:00-04:00,44.45758066068905,44.60414560433713,43.9788050750998,44.29147720336914,1664500,0.0,0.0,0.0
2025-07-08 00:00:00-04:00,44.780021489320404,45.73756892129826,44.11560021369474,44.60414505004883,3377600,0.0,0.0,0.0
2025-07-09 00:00:00-04:00,44.55528640065616,44.55528640065616,43.48048928015702,43.88109588623047,2252200,0.0,0.0,0.0
2025-07-10 00:00:00-04:00,44.22307695155891,44.525976091959784,43.90063929772689,44.43803787231445,1100600,0.0,0.0,0.0
2025-07-11 00:00:00-04:00,44.02766254805503,44.15468152344842,43.685678921923234,44.125370025634766,1005700,0.0,0.0,0.0
2025-07-14 00:00:00-04:00,43.84201158884676,43.94949204680564,43.69545037760383,43.890865325927734,625200,0.0,0.0,0.0
2025-07-15 00:00:00-04:00,43.96903290025823,43.96903290025823,43.01148551992873,43.324153900146484,998800,0.0,0.0,0.0
2025-07-16 00:00:00-04:00,43.265530085671976,43.314387551793104,42.75744300188334,43.285072326660156,544800,0.0,0.0,0.0
2025-07-17 00:00:00-04:00,42.79652514166269,43.18736248543358,42.57179497354982,43.0114860534668,914400,0.0,0.0,0.0
2025-07-18 00:00:00-04:00,43.2459859340043,43.27530115784205,42.855152313412425,42.86492156982422,446000,0.0,0.0,0.0
2025-07-21 00:00:00-04:00,43.82246852890015,44.22307512915318,43.773614792732936,43.851783752441406,1137900,0.0,0.0,0.0
2025-07-22 00:00:00-04:00,44.53574753927515,45.11222684813493,44.11559869627813,45.04383087158203,4141400,0.0,0.0,0.0
2025-07-23 00:00:00-04:00,45.415127254021726,45.7766493870013,45.18062782133817,45.434669494628906,1575800,0.0,0.0,0.0
2025-07-24 00:00:00-04:00,45.20016404687256,45.239248526108675,44.574827288298955,44.66276550292969,592300,0.0,0.0,0.0
2025-07-25 00:00:00-04:00,44.23284802928791,44.30124400525316,43.79315695001046,44.18399429321289,1245100,0.0,0.0,0.0
2025-07-28 00:00:00-04:00,43.6954484651381,43.72475996064353,42.884462301344556,43.63682174682617,1506500,0.0,0.0,0.0
2025-07-29 00:00:00-04:00,43.5684267595025,43.5684267595025,42.933317008955065,43.177589416503906,978200,0.0,0.0,0.0
2025-07-30 00:00:00-04:00,43.04079966888467,43.343698811585945,41.48722692821921,41.926918029785156,3045900,0.0,0.0,0.0
2025-07-31 00:00:00-04:00,40.97913913641674,42.20050121552514,40.97913913641674,42.0637092590332,1500200,0.0,0.0,0.0
2025-08-01 00:00:00-04:00,41.809668588465655,42.034398769130604,41.52631168477019,41.77058410644531,965700,0.0,0.0,0.0
2025-08-04 00:00:00-04:00,42.32752137513438,42.57179377629619,42.220040922255016,42.45454406738281,790000,0.0,0.0,0.0
2025-08-05 00:00:00-04:00,42.78675660675269,43.09942499612064,42.61088017182057,42.87469482421875,1114000,0.0,0.0,0.0
2025-08-06 00:00:00-04:00,43.255760192871094,43.568428589482345,43.11896823526634,43.255760192871094,915400,0.0,0.0,0.0
2025-08-07 00:00:00-04:00,43.92995116108362,44.25239254490267,43.67590948404849,44.1156005859375,1517200,0.0,0.0,0.0
2025-08-08 00:00:00-04:00,44.53574691189794,45.434667578102086,44.32078600158776,45.180625915527344,2323600,0.0,0.0,0.0
2025-08-11 00:00:00-04:00,45.06337512608433,45.112228864762976,44.369642345864165,44.45758056640625,598100,0.0,0.0,0.0
2025-08-12 00:00:00-04:00,44.83864402098256,45.50306528974409,44.809332523840546,45.42490005493164,1615900,0.0,0.0,0.0
2025-08-13 00:00:00-04:00,45.92321206238636,46.57786031757543,45.835273847642945,46.17725372314453,3359200,0.0,0.0,0.0
2025-08-14 00:00:00-04:00,45.639857430052345,45.639857430052345,45.082916618302285,45.434669494628906,648300,0.0,0.0,0.0
2025-08-15 00:00:00-04:00,46.36290459162965,46.372673848107354,46.06977844238281,46.06977844238281,438200,0.0,0.0,0.0
2025-08-18 00:00:00-04:00,45.88412975495163,45.92321423608784,45.493296125493345,45.600772857666016,516900,0.0,0.0,0.0
2025-08-19 00:00:00-04:00,45.835274447839836,45.91344340743585,45.01451900858743,45.0242919921875,612900,0.0,0.0,0.0
2025-08-20 00:00:00-04:00,45.063373112528076,45.268564769491974,44.90703891936107,45.209938049316406,586900,0.0,0.0,0.0
2025-08-21 00:00:00-04:00,45.0633734769109,45.56169128417969,44.916812266238644,45.56169128417969,689700,0.0,0.0,0.0
2025-08-22 00:00:00-04:00,45.46398071035841,47.18366060012825,45.34673099474269,47.105491638183594,2015100,0.0,0.0,0.0
2025-08-25 00:00:00-04:00,47.19343012767029,47.50609852264151,47.056638170783046,47.115264892578125,779400,0.0,0.0,0.0
2025-08-26 00:00:00-04:00,47.359535588758014,47.80899592428971,47.20320139695129,47.71128845214844,662700,0.0,0.0,0.0
2025-08-27 00:00:00-04:00,47.437700632669994,47.437700632669994,46.99800955517767,47.36930465698242,464200,0.0,0.0,0.0
2025-08-28 00:00:00-04:00,47.65266409128492,47.887163526952136,47.38884943068331,47.81876754760742,655400,0.0,0.0,0.0
2025-08-29 00:00:00-04:00,48.12166316430853,48.80562663494673,47.93601748073145,48.6688346862793,3000400,0.0,0.0,0.0
2025-09-02 00:00:00-04:00,48.2779972786687,49.00104522705078,47.81876397115707,49.00104522705078,1461800,0.0,0.0,0.0
2025-09-03 00:00:00-04:00,49.303941023671634,50.12469644845349,49.303941023671634,49.86088180541992,1654000,0.0,0.0,0.0
2025-09-04 00:00:00-04:00,49.25509044730627,49.29417492892179,48.53204244662449,48.991275787353516,1618900,0.0,0.0,0.0
2025-09-05 00:00:00-04:00,49.78271729844428,50.36896958439901,49.49936041173567,49.89019775390625,1825200,0.0,0.0,0.0
2025-09-08 00:00:00-04:00,50.26148941402175,50.26148941402175,49.6556948847923,50.241947174072266,793200,0.0,0.0,0.0
2025-09-09 00:00:00-04:00,50.945453177556374,51.5414784536732,50.232178188412014,50.2517204284668,1142800,0.0,0.0,0.0
2025-09-10 00:00:00-04:00,50.505762462344656,50.84774607484185,50.33965901162123,50.60347366333008,665500,0.0,0.0,0.0
2025-09-11 00:00:00-04:00,51.13110306773352,52.00071225806473,50.89659991220655,51.78575134277344,979900,0.0,0.0,0.0
2025-09-12 00:00:00-04:00,52.24498594466323,52.39154715905464,51.88346008243489,52.17658996582031,1150400,0.0,0.0,0.0
2025-09-15 00:00:00-04:00,52.362235198717926,53.12436394325915,52.17658950454286,52.997344970703125,1688400,0.0,0.0,0.0
2025-09-16 00:00:00-04:00,52.96802984411239,52.96802984411239,52.323150814316435,52.499027252197266,1327700,0.0,0.0,0.0
2025-09-17 00:00:00-04:00,51.912774678942306,52.5185692244921,51.33629163045583,51.8150634765625,1671000,0.0,0.0,0.0
2025-09-18 00:00:00-04:00,51.53171021741868,51.697813670220775,51.13110360661811,51.47308349609375,1766200,0.0,0.0,0.0
2025-09-19 00:00:00-04:00,51.88345935998355,52.733530046282375,51.80529412552347,52.31338119506836,2746100,0.0,0.0,0.0
2025-09-22 00:00:00-04:00,52.51856822771723,53.22207396229466,52.51856822771723,52.948486328125,1143300,0.0,0.0,0.0
2025-09-23 00:00:00-04:00,53.31977987741464,53.51519854545355,52.6455893863465,52.880088806152344,1741100,0.0,0.0,0.0
2025-09-24 00:00:00-04:00,53.80832690519744,55.55731827903161,53.72038868731468,54.65839385986328,4477900,0.0,0.0,0.0
2025-09-25 00:00:00-04:00,55.33258673183958,55.39120972410465,54.67793474223753,54.93198013305664,2371000,0.0,0.0,0.0
2025-09-26 00:00:00-04:00,54.89289746327976,55.850444883960066,54.726790282682494,55.68434143066406,1954000,0.0,0.0,0.0
2025-09-29 00:00:00-04:00,57.052264707810274,58.488587702176105,57.013180226819074,57.87302017211914,4713000,0.0,0.0,0.0
2025-09-30 00:00:00-04:00,58.13683247343727,58.46904309380611,57.65805691893766,58.43973159790039,2762700,0.0,0.0,0.0
2025-10-01 00:00:00-04:00,58.59606644429086,59.47544487701804,58.46904374844207,59.14323425292969,4829600,0.0,0.0,0.0
2025-10-02 00:00:00-04:00,59.80765724467373,60.35482879656535,58.429960971999584,59.387508392333984,3435000,0.0,0.0,0.0
2025-10-03 00:00:00-04:00,60.012844899588046,61.077872774024854,59.86628368752685,60.55024719238281,3716000,0.0,0.0,0.0
2025-10-06 00:00:00-04:00,60.72612454723107,61.32214611564391,60.23757971170162,60.257118225097656,3351200,0.0,0.0,0.0
2025-10-07 00:00:00-04:00,61.24397792653898,61.410081373503694,59.96398917735345,60.296199798583984,2532100,0.0,0.0,0.0
2025-10-08 00:00:00-04:00,61.47847760219038,62.87571606835845,61.31237415454159,62.6607551574707,3871300,0.0,0.0,0.0
2025-10-09 00:00:00-04:00,64.65401945037634,64.68333094673146,61.93771145396722,62.51419448852539,3313000,0.0,0.0,0.0
2025-10-10 00:00:00-04:00,61.92794431986492,61.986567314584164,58.86965260953438,59.0748405456543,5356700,0.0,0.0,0.0
2025-10-13 00:00:00-04:00,62.006107163796536,62.79754738039223,61.7716077393612,62.670528411865234,2607300,0.0,0.0,0.0
2025-10-14 00:00:00-04:00,60.872684751102355,61.31237584124082,59.62201118564292,60.71635055541992,2950700,0.0,0.0,0.0
2025-10-15 00:00:00-04:00,62.054961520936516,62.396945132003616,61.2048945760747,62.02565002441406,1346500,0.0,0.0,0.0
2025-10-16 00:00:00-04:00,61.976796277120286,61.976796277120286,60.7261227283615,61.18535232543945,1730600,0.0,0.0,0.0
2025-10-17 00:00:00-04:00,60.24734805891788,60.56001645075264,58.996674491578815,59.7099494934082,2119600,0.0,0.0,0.0
2025-10-20 00:00:00-04:00,60.20826348586134,61.146272387229644,60.1398675082086,60.8824577331543,2117100,0.0,0.0,0.0
2025-10-21 00:00:00-04:00,59.4461327928722,59.475444288816206,57.462642051570526,57.94141387939453,3268200,0.0,0.0,0.0
2025-10-22 00:00:00-04:00,57.9414157852303,58.302937913868504,57.022952851530086,57.687374114990234,1639200,0.0,0.0,0.0
2025-10-23 00:00:00-04:00,59.08461180026858,59.67086409410947,58.81102416614848,58.83056640625,2251600,0.0,0.0,0.0
2025-10-24 00:00:00-04:00,59.39727937823081,59.76857075319873,58.98689979629109,59.465675354003906,1283300,0.0,0.0,0.0
2025-10-27 00:00:00-04:00,60.62841058342207,60.921536725933876,59.1627761435619,59.631778717041016,2048700,0.0,0.0,0.0
2025-10-28 00:00:00-04:00,58.63514951582404,60.56979034440037,58.63514951582404,60.42322540283203,1937100,0.0,0.0,0.0
2025-10-29 00:00:00-04:00,61.18535341330187,62.416488471139154,61.03879220080779,61.40031433105469,2732300,0.0,0.0,0.0
2025-10-30 00:00:00-04:00,60.608869460959376,60.74566141483328,59.68063728044323,60.68703842163086,2188000,0.0,0.0,0.0
2025-10-31 00:00:00-04:00,60.17895117649394,60.345054626464844,59.68063709928005,60.345054626464844,2105500,0.0,0.0,0.0
2025-11-03 00:00:00-05:00,59.61223737380491,59.62201035750626,57.87301900508259,58.83056640625,2503200,0.0,0.0,0.0
2025-11-04 00:00:00-05:00,56.79822094707907,57.384473231181175,56.09471522431566,56.60280227661133,4655000,0.0,0.0,0.0
2025-11-05 00:00:00-05:00,57.4040153323814,58.14660180560482,57.28676562130425,57.94141387939453,2990300,0.0,0.0,0.0
2025-11-06 00:00:00-05:00,58.91850471030649,59.387507291533964,58.52767108960086,58.66446304321289,2183200,0.0,0.0,0.0
2025-11-07 00:00:00-05:00,58.63514711469594,59.47544479370117,58.2443134986873,59.47544479370117,1679500,0.0,0.0,0.0
2025-11-10 00:00:00-05:00,60.86291649036253,61.45894178593517,60.62841332935149,61.097415924072266,1538600,0.0,0.0,0.0
2025-11-11 00:00:00-05:00,60.931312202498496,60.931312202498496,60.022618514421815,60.579559326171875,1821500,0.0,0.0,0.0
2025-11-12 00:00:00-05:00,61.068102889350044,62.05496179202941,60.931310935246096,61.86931610107422,2355300,0.0,0.0,0.0
2025-11-13 00:00:00-05:00,62.348090994749676,62.4262562274077,59.7490327129254,60.32551574707031,1900100,0.0,0.0,0.0
2025-11-14 00:00:00-05:00,58.889194927337606,60.3645986907578,58.2736273908703,59.7490348815918,1089700,0.0,0.0,0.0
2025-11-17 00:00:00-05:00,59.15300603116054,59.51452814411593,58.087978204518066,58.5862922668457,1900400,0.0,0.0,0.0
2025-11-18 00:00:00-05:00,57.96095903385814,58.06843949412595,56.8079929229328,57.394248962402344,2049600,0.0,0.0,0.0
2025-11-19 00:00:00-05:00,58.263855986223724,59.20186114139266,58.00981059380225,58.47881317138672,1150500,0.0,0.0,0.0
2025-11-20 00:00:00-05:00,59.00644222601625,59.221403137595544,55.87975466102248,56.1142578125,2770400,0.0,0.0,0.0
2025-11-21 00:00:00-05:00,56.065406241719856,57.39424878771132,55.62571514528131,57.05226516723633,1966900,0.0,0.0,0.0
2025-11-24 00:00:00-05:00,57.11088965640005,58.75240053406025,57.0522629367332,58.63514709472656,1666800,0.0,0.0,0.0
2025-11-25 00:00:00-05:00,59.211632498729905,59.582927616896825,58.703549150461015,59.24094772338867,1666200,0.0,0.0,0.0
2025-11-26 00:00:00-05:00,59.99330513464268,61.20489419585917,59.85650945468493,60.83359909057617,1065300,0.0,0.0,0.0
2025-11-28 00:00:00-05:00,62.19175639989573,63.10045005338771,61.97679548869944,62.826866149902344,2151200,0.0,0.0,0.0
2025-12-01 00:00:00-05:00,64.04822912116268,64.60516991984225,63.33495040129469,63.3740348815918,2971600,0.0,0.0,0.0
2025-12-02 00:00:00-05:00,63.66716392943266,63.66716392943266,62.09404529997037,63.168846130371094,1671900,0.0,0.0,0.0
2025-12-03 00:00:00-05:00,64.76150103920352,66.12942804498093,64.62470908408604,65.92424011230469,6293300,0.0,0.0,0.0
2025-12-04 00:00:00-05:00,65.69950776042081,66.24668304838936,65.1425669430012,65.6604232788086,2696600,0.0,0.0,0.0
2025-12-05 00:00:00-05:00,66.93063796925514,67.51689024156909,66.15873628644434,66.45186614990234,2157400,0.0,0.0,0.0
2025-12-08 00:00:00-05:00,66.53980326717885,66.70590671755852,65.60179810346719,65.89492797851562,1773000,0.0,0.0,0.0
2025-12-09 00:00:00-05:00,64.62471168708214,65.53340539959358,63.979836366211025,65.36730194091797,1583200,0.0,0.0,0.0
2025-12-10 00:00:00-05:00,65.87538166710036,67.11628968311018,65.35752535120741,66.89155578613281,2239300,0.0,0.0,0.0
2025-12-11 00:00:00-05:00,66.68636795482252,68.04452195855987,66.63751049096338,67.56575012207031,2278100,0.0,0.0,0.0
2025-12-12 00:00:00-05:00,68.34741781476457,68.80665114151675,65.88515518474752,66.57888793945312,2517100,0.0,0.0,0.0
2025-12-15 00:00:00-05:00,68.08360541999754,68.11291691603348,66.95017787592589,67.18468475341797,2007000,0.0,0.0,0.0
2025-12-16 00:00:00-05:00,66.73522250138883,67.38009775944529,66.25644323122648,66.76453399658203,1439800,0.0,0.0,0.0
2025-12-17 00:00:00-05:00,67.86864423595199,68.13246260841632,67.10651552368125,67.17491149902344,1425400,0.0,0.0,0.0
2025-12-18 00:00:00-05:00,67.54620415468573,67.93704150175166,67.01857485433703,67.56575012207031,1399000,0.0,0.0,0.0
2025-12-19 00:00:00-05:00,68.29856998649298,69.47107461830983,68.03475159884248,68.68940734863281,3456500,0.0,0.0,0.0
2025-12-22 00:00:00-05:00,70.8683095626378,71.36662736046334,70.29183026002971,70.88785552978516,2937000,0.0,0.0,0.0
2025-12-23 00:00:00-05:00,71.56204261101493,72.35349028262436,70.99533628955179,72.24600982666016,2938700,0.0,0.0,0.0
2025-12-24 00:00:00-05:00,72.37303216838104,72.37303216838104,71.0344166255477,72.06036376953125,1125600,0.0,0.0,0.0
2025-12-26 00:00:00-05:00,73.2133275063023,74.74735795303674,72.98859360759492,73.97545623779297,3002700,0.0,0.0,0.0
2025-12-29 00:00:00-05:00,72.43165342594797,72.43165342594797,70.35045514490152,71.3080062866211,3738400,0.0,0.0,0.0
2025-12-30 00:00:00-05:00,73.05999755859375,73.18000030517578,72.13999938964844,72.5,3768800,1.672,0.0,0.0
2025-12-31 00:00:00-05:00,72.56999969482422,72.56999969482422,71.44999694824219,71.79000091552734,2495000,0.0,0.0,0.0
2026-01-02 00:00:00-05:00,73.54000091552734,74.06999969482422,72.31999969482422,73.05999755859375,2286100,0.0,0.0,0.0
2026-01-05 00:00:00-05:00,75.05000305175781,76.93000030517578,74.94000244140625,76.6500015258789,5575100,0.0,0.0,0.0
2026-01-06 00:00:00-05:00,77.66000366210938,78.69000244140625,77.37999725341797,78.06999969482422,6775100,0.0,0.0,0.0
2026-01-07 00:00:00-05:00,76.5,76.5,75.08000183105469,75.9000015258789,3927400,0.0,0.0,0.0
2026-01-08 00:00:00-05:00,74.75,75.63999938964844,73.5199966430664,75.62000274658203,3123100,0.0,0.0,0.0
2026-01-09 00:00:00-05:00,76.98999786376953,78.06999969482422,76.4800033569336,77.54000091552734,2987700,0.0,0.0,0.0
2026-01-12 00:00:00-05:00,79.2699966430664,80.16999816894531,78.81999969482422,80.06999969482422,5973500,0.0,0.0,0.0
2026-01-13 00:00:00-05:00,81.27999877929688,81.27999877929688,79.44000244140625,79.83999633789062,3531100,0.0,0.0,0.0
2026-01-14 00:00:00-05:00,81.58999633789062,82.62000274658203,81.06999969482422,82.38999938964844,5410300,0.0,0.0,0.0
2026-01-15 00:00:00-05:00,81.87000274658203,82.88999938964844,81.30000305175781,82.04000091552734,3951300,0.0,0.0,0.0
2026-01-16 00:00:00-05:00,81.05999755859375,81.05999755859375,79.30000305175781,80.7699966430664,4701800,0.0,0.0,0.0
2026-01-20 00:00:00-05:00,81.55000305175781,82.5999984741211,80.9000015258789,82.25,5245000,0.0,0.0,0.0
2026-01-21 00:00:00-05:00,84.58000183105469,85.58000183105469,83.13999938964844,83.97000122070312,5752700,0.0,0.0,0.0
2026-01-22 00:00:00-05:00,83.5,83.62999725341797,81.61000061035156,82.2300033569336,3961800,0.0,0.0,0.0
2026-01-23 00:00:00-05:00,84.48999786376953,86.1500015258789,83.83000183105469,86.01000213623047,5750400,0.0,0.0,0.0
2026-01-26 00:00:00-05:00,90.80000305175781,92.75,87.70999908447266,88.08000183105469,16169300,0.0,0.0,0.0
2026-01-27 00:00:00-05:00,88.69999694824219,90.44000244140625,87.75,90.41999816894531,8367300,0.0,0.0,0.0
2026-01-28 00:00:00-05:00,92.1500015258789,92.81999969482422,90.33000183105469,91.9800033569336,9110600,0.0,0.0,0.0
2026-01-29 00:00:00-05:00,99.73999786376953,99.98999786376953,91.27999877929688,94.2300033569336,18336200,0.0,0.0,0.0
2026-01-30 00:00:00-05:00,87.75,88.48999786376953,82.43000030517578,84.80999755859375,15178200,0.0,0.0,0.0
2026-02-02 00:00:00-05:00,84.76000213623047,85.79000091552734,83.62999725341797,85.19999694824219,6741900,0.0,0.0,0.0
2026-02-03 00:00:00-05:00,89.12000274658203,90.87000274658203,88.05000305175781,90.76000213623047,8428500,0.0,0.0,0.0
2026-02-04 00:00:00-05:00,91.69999694824219,91.75,84.48999786376953,86.61000061035156,8498900,0.0,0.0,0.0
2026-02-05 00:00:00-05:00,84.12000274658203,84.9000015258789,81.0999984741211,81.30999755859375,9581200,0.0,0.0,0.0
2026-02-06 00:00:00-05:00,83.80000305175781,84.98999786376953,83.66000366210938,84.68000030517578,5515900,0.0,0.0,0.0
2026-02-09 00:00:00-05:00,86.48999786376953,89.22000122070312,85.94999694824219,89.02999877929688,4473400,0.0,0.0,0.0
2026-02-10 00:00:00-05:00,88.58000183105469,88.77999877929688,87.1500015258789,88.2300033569336,2321700,0.0,0.0,0.0
2026-02-11 00:00:00-05:00,90.95999908447266,91.33999633789062,88.30000305175781,90.12000274658203,5597500,0.0,0.0,0.0
2026-02-12 00:00:00-05:00,91.56999969482422,91.56999969482422,86.0999984741211,87.1500015258789,4338000,0.0,0.0,0.0
2026-02-13 00:00:00-05:00,86.70999908447266,88.23999786376953,84.93000030517578,87.94000244140625,3535000,0.0,0.0,0.0
